Trade Value,Commission,Slippage
143609.99756000002,1436.0999756,7.180499878000001
